id,category,status,sources
AGNews_词字符n-gram_ComplementNB,07_验证证据,已验证,提炼池/线上博客/文本分类专题/scikit-learn_文本特征提取文档.md;提炼池/线上博客/文本分类专题/文本分类综述_从浅层到深度学习.md;提炼池/线上博客/文本分类专题/文本分类是否真的进步了_对比综述.md
AGNews_词字符n-gram_NB_LogReg软投票,07_验证证据,已验证,提炼池/线上博客/文本分类专题/scikit-learn_文本特征提取文档.md;提炼池/线上博客/文本分类专题/文本分类综述_从浅层到深度学习.md;提炼池/线上博客/文本分类专题/文本分类是否真的进步了_对比综述.md
CNN文本分类,03_建模方法,已验证,提炼池/线上博客/文本分类专题/文本分类综述_从浅层到深度学习.md
Enron垃圾邮件_12模型F-score对比,07_验证证据,已验证,提炼池/线上博客/文本分类专题/12个机器学习模型的文本分类对比.md
RNN文本分类,03_建模方法,已验证,提炼池/线上博客/文本分类专题/文本分类综述_从浅层到深度学习.md
TF-IDF词项加权,02_高级特征工程,已验证,提炼池/线上博客/文本分类专题/scikit-learn_文本特征提取文档.md;提炼池/线上博客/csdn/csdncopy.md
Transformer文本分类微调流程,03_建模方法,待验证,提炼池/线上博客/文本分类专题/HuggingFace_序列分类任务文档.md
停用词表与分词器不一致,06_失败经验,有缺陷,提炼池/线上博客/文本分类专题/scikit-learn_文本特征提取文档.md
基线未调优导致虚假提升,06_失败经验,有缺陷,提炼池/线上博客/文本分类专题/文本分类是否真的进步了_对比综述.md
多标签分类_决策阈值选择,04_决策与应用,已验证,提炼池/线上博客/文本分类专题/文本分类是否真的进步了_对比综述.md
文本分类基准数据集与划分纪律,01_数据获取与处理,已验证,提炼池/线上博客/文本分类专题/文本分类是否真的进步了_对比综述.md;提炼池/线上博客/文本分类专题/类别分布漂移下的文本分类综述.md
文本分类开源资源与实现清单,01_数据获取与处理,待验证,提炼池/线上博客/文本分类专题/Awesome-Text-Classification_资源清单.md
文本分类模型谱系与选择,03_建模方法,待验证,提炼池/线上博客/csdn/csdncopy.md;提炼池/线上博客/文本分类专题/scikit-learn_文本特征提取文档.md
文本分类模型选型_微调SLM与LLM,04_决策与应用,已验证,提炼池/线上博客/文本分类专题/文本分类是否真的进步了_对比综述.md
文本分类评估与交叉验证,05_评估与稳健性,待验证,提炼池/线上博客/文本分类专题/HuggingFace_序列分类任务文档.md;提炼池/线上博客/文本分类专题/scikit-learn_文本特征提取文档.md
文本分类评测口径与可复现性,05_评估与稳健性,已验证,提炼池/线上博客/文本分类专题/文本分类是否真的进步了_对比综述.md;提炼池/线上博客/文本分类专题/12个机器学习模型的文本分类对比.md
文本分类选型_数据规模与成本,04_决策与应用,已验证,提炼池/线上博客/文本分类专题/文本分类综述_从浅层到深度学习.md
文本表示_词袋到上下文嵌入,02_高级特征工程,待验证,提炼池/线上博客/文本分类专题/文本分类综述_从浅层到深度学习.md
文本预处理与分词,01_数据获取与处理,待验证,提炼池/线上博客/文本分类专题/scikit-learn_文本特征提取文档.md;提炼池/线上博客/csdn/csdncopy.md
注意力机制文本分类,03_建模方法,已验证,提炼池/线上博客/文本分类专题/文本分类综述_从浅层到深度学习.md
浅层文本分类_朴素贝叶斯与SVM,03_建模方法,已验证,提炼池/线上博客/文本分类专题/文本分类综述_从浅层到深度学习.md
特征哈希与HashingVectorizer,02_高级特征工程,已验证,提炼池/线上博客/文本分类专题/scikit-learn_文本特征提取文档.md
类别分布漂移_问题分类与应对框架,05_评估与稳健性,待验证,提炼池/线上博客/文本分类专题/类别分布漂移下的文本分类综述.md
词袋与N-gram文本表示,02_高级特征工程,已验证,提炼池/线上博客/文本分类专题/scikit-learn_文本特征提取文档.md;提炼池/线上博客/csdn/csdncopy.md
预训练语言模型文本分类,03_建模方法,已验证,提炼池/线上博客/文本分类专题/文本分类综述_从浅层到深度学习.md
